Segment,Sequence_number,Generic_number,Backbone_template,Rotamer_template
N-term,21,None,None,None
N-term,22,None,None,None
N-term,23,None,None,None
N-term,24,None,None,None
N-term,25,None,None,None
TM1,26,1x32,7BU7,5IU4
TM1,27,1x33,7BU7,None
TM1,28,1x34,7BU7,6A94
TM1,29,1x35,7BU7,7F83
TM1,30,1x36,7BU7,6A94
TM1,31,1x37,7BU7,6KUW
TM1,32,1x38,7BU7,7DDZ
TM1,33,1x39,7BU7,4IAQ
TM1,34,1x40,7BU7,3PBL
TM1,35,1x41,7BU7,6A94
TM1,36,1x42,7BU7,6A94
TM1,37,1x43,7BU7,6BQH
TM1,38,1x44,7BU7,6LUQ
TM1,39,1x45,7BU7,7BU7
TM1,40,1x46,7BU7,6BQH
TM1,41,1x47,7BU7,5ZTY
TM1,42,1x48,7BU7,7BU7
TM1,43,1x49,7BU7,4Z35
TM1,44,1x50,7BU7,7BU7
TM1,45,1x51,7BU7,5WIV
TM1,46,1x52,7BU7,7BU7
TM1,47,1x53,7BU7,6ZFZ
TM1,48,1x54,7BU7,7BU7
TM1,49,1x55,7BU7,4IAQ
TM1,50,1x56,7BU7,5ZTY
TM1,51,1x57,7BU7,7BU7
TM1,52,1x58,7BU7,5YWY
TM1,53,1x59,7BU7,6KUX
TM1,54,1x60,7BU7,5ZBH
ICL1,55,12x48,None,None
ICL1,56,12x49,7BVQ,6KUW
ICL1,57,12x50,7BVQ,7BVQ
ICL1,58,12x51,None,None
TM2,59,2x37,7BU7,6BQH
TM2,60,2x38,7BU7,3PBL
TM2,61,2x39,7BU7,5TGZ
TM2,62,2x40,7BU7,7BU7
TM2,63,2x41,7BU7,7DDZ
TM2,64,2x42,7BU7,7BU7
TM2,65,2x43,7BU7,6BQH
TM2,66,2x44,7BU7,6KUX
TM2,67,2x45,7BU7,7BU7
TM2,68,2x46,7BU7,7BU7
TM2,69,2x47,7BU7,None
TM2,70,2x48,7BU7,3VW7
TM2,71,2x49,7BU7,7F83
TM2,72,2x50,7BU7,7BU7
TM2,73,2x51,7BU7,7BU7
TM2,74,2x52,7BU7,7F8Y
TM2,75,2x53,7BU7,6BQH
TM2,76,2x54,7BU7,7BU7
TM2,77,2x55,7BU7,7BU7
TM2,78,2x551,7BU7,3RZE
TM2,79,2x56,7BU7,7BU7
TM2,80,2x57,7BU7,6BQH
TM2,81,2x58,7BU7,7BU7
TM2,82,2x59,7BU7,6I9K
TM2,83,2x60,7BU7,5TVN
TM2,84,2x61,7BU7,6A94
TM2,85,2x62,7BU7,6BQH
TM2,86,2x63,7BU7,6KUX
TM2,87,2x64,7BU7,6QZH
TM2,88,2x65,7BU7,6BQH
TM2,89,2x66,7BU7,6BQH
TM2,90,2x67,7BU7,7BU7
ECL1,91,23x49,None,None
ECL1,92,23x50,7BVQ,7BVQ
ECL1,93,23x51,7BVQ,5ZBH
ECL1,94,23x52,None,None
TM3,95,3x21,7BU7,5IU4
TM3,96,3x22,7BU7,6BQH
TM3,97,3x23,7BU7,None
TM3,98,3x24,7BU7,6BQH
TM3,99,3x25,7BU7,7BU7
TM3,100,3x26,7BU7,3RZE
TM3,101,3x27,7BU7,7BU7
TM3,102,3x28,7BU7,7BU7
TM3,103,3x29,7BU7,7BU7
TM3,104,3x30,7BU7,6KUX
TM3,105,3x31,7BU7,5IU4
TM3,106,3x32,7BU7,7BU7
TM3,107,3x33,7BU7,7BU7
TM3,108,3x34,7BU7,3PBL
TM3,109,3x35,7BU7,7BU7
TM3,110,3x36,7BU7,6KUX
TM3,111,3x37,7BU7,6TO7
TM3,112,3x38,7BU7,7BU7
TM3,113,3x39,7BU7,7BU7
TM3,114,3x40,7BU7,7BU7
TM3,115,3x41,7BU7,6LUQ
TM3,116,3x42,7BU7,3PBL
TM3,117,3x43,7BU7,7BU7
TM3,118,3x44,7BU7,7BU7
TM3,119,3x45,7BU7,6ZFZ
TM3,120,3x46,7BU7,7BU7
TM3,121,3x47,7BU7,6BQH
TM3,122,3x48,7BU7,7BU7
TM3,123,3x49,7BU7,7BU7
TM3,124,3x50,7BU7,7BU7
TM3,125,3x51,7BU7,7BU7
TM3,126,3x52,7BU7,7BU7
TM3,127,3x53,7BU7,5ZBH
TM3,128,3x54,7BU7,7BU7
TM3,129,3x55,7BU7,None
TM3,130,3x56,7BVQ,7BVQ
ICL2,131,34x50,None,None
ICL2,132,34x51,7BVQ,6ZFZ
ICL2,133,34x52,7BVQ,5UEN
ICL2,134,34x53,7BVQ,7BVQ
ICL2,135,34x54,7BVQ,5UEN
ICL2,136,34x55,7BVQ,6KUX
ICL2,137,34x56,7BVQ,6KP6
ICL2,138,34x57,None,None
TM4,139,4x38,7BU7,7BU7
TM4,140,4x39,7BU7,6KUX
TM4,141,4x40,7BU7,4DJH
TM4,142,4x41,7BU7,7BU7
TM4,143,4x42,7BU7,7BU7
TM4,144,4x43,7BU7,5WIV
TM4,145,4x44,7BU7,6KUX
TM4,146,4x45,7BU7,7BU7
TM4,147,4x46,7BU7,7BU7
TM4,148,4x47,7BU7,6KUY
TM4,149,4x48,7BU7,3RZE
TM4,150,4x49,7BU7,3RZE
TM4,151,4x50,7BU7,7BU7
TM4,152,4x51,7BU7,None
TM4,153,4x52,7BU7,3PBL
TM4,154,4x53,7BU7,3PBL
TM4,155,4x54,7BU7,7BU7
TM4,156,4x55,7BU7,7BU7
TM4,157,4x56,7BU7,6ME2
TM4,158,4x57,7BU7,7BU7
TM4,159,4x58,7BU7,7BU7
TM4,160,4x59,7BU7,7BU7
TM4,161,4x60,7BU7,7BU7
TM4,162,4x61,7BU7,3PBL
TM4,163,4x62,7BU7,7BU7
TM4,164,4x63,7BU7,4DJH
TM4,165,4x64,7BU7,3PBL
ECL2,166,None,None,None
ECL2,167,None,7F2O,None
ECL2,168,None,7F2O,None
ECL2,169,None,7F2O,None
ECL2,170,None,7F2O,None
ECL2,171,None,7F2O,None
ECL2,172,None,7F2O,None
ECL2,173,None,7F2O,None
ECL2,174,None,7F2O,None
ECL2,175,None,7F2O,None
ECL2,176,None,7F2O,None
ECL2,177,None,7F2O,None
ECL2,178,None,7F2O,None
ECL2,179,None,None,None
ECL2,180,45x50,7BU7,7BU7
ECL2,181,45x51,7BU7,5WIV
ECL2,182,45x52,7BU7,6BQH
ECL2,183,None,7BU7,None
ECL2,184,None,7BU7,None
TM5,185,5x36,7BU7,5UEN
TM5,186,5x37,7BU7,4DJH
TM5,187,5x38,7BU7,5TZY
TM5,188,5x39,7BU7,6BQH
TM5,189,5x40,7BU7,6BQH
TM5,190,5x41,7BU7,6BQH
TM5,191,5x42,7BU7,7F83
TM5,192,5x43,7BU7,6RZ6
TM5,193,5x44,7BU7,7BU7
TM5,194,5x45,7BU7,5TGZ
TM5,195,5x46,7BU7,5ZBH
TM5,196,5x461,7BU7,6ZFZ
TM5,197,5x47,7BU7,7BU7
TM5,198,5x48,7BU7,6BQH
TM5,199,5x49,7BU7,3PBL
TM5,200,5x50,7BU7,7BU7
TM5,201,5x51,7BU7,None
TM5,202,5x52,7BU7,3PBL
TM5,203,5x53,7BU7,6QZH
TM5,204,5x54,7BU7,5TGZ
TM5,205,5x55,7BU7,6ZFZ
TM5,206,5x56,7BU7,7BU7
TM5,207,5x57,7BU7,6BQH
TM5,208,5x58,7BU7,7BU7
TM5,209,5x59,7BU7,6BQH
TM5,210,5x60,7BU7,7BU7
TM5,211,5x61,7BU7,6KUX
TM5,212,5x62,7BU7,5TGZ
TM5,213,5x63,7BU7,4EIY
TM5,214,5x64,7BU7,3RZE
TM5,215,5x65,7BU7,7BU7
TM5,216,5x66,7BU7,6BQH
TM5,217,5x67,7BU7,7BU7
TM5,218,5x68,7BU7,7BU7
TM5,219,5x69,7JVQ,6BQH
TM5,220,5x70,7JVQ,4NTJ
TM5,221,5x71,7JVQ,3VG9
TM5,222,5x72,7JVQ,None
TM5,223,5x73,7JVQ,7JVQ
TM5,224,5x74,7JVQ,3VG9
TM5,225,5x75,7JVQ,7JVQ
TM5,226,5x76,7JVQ,None
ICL3,227,None,None,None
ICL3,228,None,None,None
ICL3,229,None,None,None
ICL3,230,None,None,None
ICL3,231,None,None,None
ICL3,252,None,None,None
ICL3,253,None,None,None
ICL3,254,None,None,None
ICL3,255,None,None,None
ICL3,256,None,None,None
TM6,257,6x24,6K42,None
TM6,258,6x25,6K42,6IQL
TM6,259,6x26,6K42,5X93
TM6,260,6x27,6K42,5ZBH
TM6,261,6x28,6K42,5TGZ
TM6,262,6x29,6K42,4GBR
TM6,263,6x30,7BU7,6HLP
TM6,264,6x31,7BU7,5UEN
TM6,265,6x32,7BU7,7BU7
TM6,266,6x33,7BU7,7BU7
TM6,267,6x34,7BU7,6BQH
TM6,268,6x35,7BU7,6ME7
TM6,269,6x36,7BU7,7BU7
TM6,270,6x37,7BU7,7BU7
TM6,271,6x38,7BU7,7BU7
TM6,272,6x39,7BU7,7BU7
TM6,273,6x40,7BU7,6W25
TM6,274,6x41,7BU7,4IAQ
TM6,275,6x42,7BU7,7BU7
TM6,276,6x43,7BU7,None
TM6,277,6x44,7BU7,7BU7
TM6,278,6x45,7BU7,7F8Y
TM6,279,6x46,7BU7,6KUX
TM6,280,6x47,7BU7,6ZFZ
TM6,281,6x48,7BU7,7BU7
TM6,282,6x49,7BU7,7BU7
TM6,283,6x50,7BU7,7BU7
TM6,284,6x51,7BU7,7BU7
TM6,285,6x52,7BU7,7BU7
TM6,286,6x53,7BU7,5WIV
TM6,287,6x54,7BU7,7BU7
TM6,288,6x55,7BU7,7BU7
TM6,289,6x56,7BU7,6BQH
TM6,290,6x57,7BU7,7BU7
TM6,291,6x58,7BU7,5WIV
TM6,292,6x59,7BU7,7BU7
TM6,293,6x60,7BU7,6KUX
TM6,294,6x61,7BU7,6A94
ECL3,295,None,None,None
ECL3,296,None,6LI0,None
ECL3,297,None,None,None
TM7,298,7x30,7BU7,3PBL
TM7,299,7x31,7BU7,3PBL
TM7,300,7x32,7BU7,6ME7
TM7,301,7x33,7BU7,7BU7
TM7,302,7x34,7BU7,7BU7
TM7,303,7x35,7BU7,4IAQ
TM7,304,7x36,7BU7,6BQH
TM7,305,7x37,7BU7,4GBR
TM7,306,7x38,7BU7,4IAQ
TM7,307,7x39,7BU7,7BU7
TM7,308,7x40,7BU7,7BU7
TM7,309,7x41,7BU7,7BU7
TM7,310,7x42,7BU7,7BU7
TM7,311,7x43,7BU7,6KUX
TM7,312,7x45,7BU7,7BU7
TM7,313,7x46,7BU7,7BU7
TM7,314,7x47,7BU7,3RZE
TM7,315,7x48,7BU7,5UEN
TM7,316,7x49,7BU7,7BU7
TM7,317,7x50,7BU7,7BU7
TM7,318,7x51,7BU7,7BU7
TM7,319,7x52,7BU7,7BU7
TM7,320,7x53,7BU7,7BU7
TM7,321,7x54,7BU7,3RZE
TM7,322,7x55,7BU7,6BQH
TM7,323,7x56,6BQH,6BQH
H8,324,8x47,7BU7,None
H8,325,8x48,7BU7,5IU4
H8,326,8x49,7BU7,7BU7
H8,327,8x50,7BU7,7BU7
H8,328,8x51,7BU7,4IAQ
H8,329,8x52,7BU7,6BQH
H8,330,8x53,7BU7,7BU7
H8,331,8x54,7BU7,5ZBH
H8,332,8x55,7BU7,5TVN
H8,333,8x56,7BU7,6A94
H8,334,8x57,7BU7,4DJH
H8,335,8x58,7BU7,7BU7
H8,336,8x59,7BU7,None
H8,337,8x60,6BQH,6BQH
C-term,338,None,None,None
C-term,339,None,None,None
C-term,340,None,None,None
C-term,341,None,None,None
C-term,342,None,None,None
